{
  "labels": {
    "0": "benign",
    "1": "malignant"
  },
  "img_size": [
    224,
    224
  ],
  "w_vit": 0.5500000000000002,
  "w_xgb": 0.44999999999999984,
  "threshold": 0.42000000000000004
}